{
  "Total" : {
    "transaction" : "Total",
    "sampleCount" : 1350,
    "errorCount" : 0,
    "errorPct" : 0.0,
    "meanResTime" : 4.991851851851857,
    "medianResTime" : 5.0,
    "minResTime" : 2.0,
    "maxResTime" : 33.0,
    "pct1ResTime" : 7.0,
    "pct2ResTime" : 8.0,
    "pct3ResTime" : 11.0,
    "throughput" : 137.4885426214482,
    "receivedKBytesPerSec" : 26.515079183216212,
    "sentKBytesPerSec" : 22.88780441618291
  },
  "添加购物车" : {
    "transaction" : "添加购物车",
    "sampleCount" : 150,
    "errorCount" : 0,
    "errorPct" : 0.0,
    "meanResTime" : 5.266666666666664,
    "medianResTime" : 5.0,
    "minResTime" : 2.0,
    "maxResTime" : 33.0,
    "pct1ResTime" : 7.0,
    "pct2ResTime" : 8.0,
    "pct3ResTime" : 28.920000000000073,
    "throughput" : 31.043046357615893,
    "receivedKBytesPerSec" : 5.214261692880795,
    "sentKBytesPerSec" : 6.220937564673013
  },
  "创建订单" : {
    "transaction" : "创建订单",
    "sampleCount" : 100,
    "errorCount" : 0,
    "errorPct" : 0.0,
    "meanResTime" : 5.640000000000001,
    "medianResTime" : 5.0,
    "minResTime" : 3.0,
    "maxResTime" : 33.0,
    "pct1ResTime" : 7.900000000000006,
    "pct2ResTime" : 9.0,
    "pct3ResTime" : 32.77999999999989,
    "throughput" : 21.039343572480536,
    "receivedKBytesPerSec" : 3.5544984746475907,
    "sentKBytesPerSec" : 4.52571895381864
  },
  "获取商品信息" : {
    "transaction" : "获取商品信息",
    "sampleCount" : 500,
    "errorCount" : 0,
    "errorPct" : 0.0,
    "meanResTime" : 4.7,
    "medianResTime" : 4.0,
    "minResTime" : 3.0,
    "maxResTime" : 33.0,
    "pct1ResTime" : 6.0,
    "pct2ResTime" : 7.0,
    "pct3ResTime" : 9.990000000000009,
    "throughput" : 50.921682452388225,
    "receivedKBytesPerSec" : 10.244010337101537,
    "sentKBytesPerSec" : 7.861333097820551
  },
  "创建支付" : {
    "transaction" : "创建支付",
    "sampleCount" : 100,
    "errorCount" : 0,
    "errorPct" : 0.0,
    "meanResTime" : 5.669999999999999,
    "medianResTime" : 5.0,
    "minResTime" : 3.0,
    "maxResTime" : 32.0,
    "pct1ResTime" : 8.0,
    "pct2ResTime" : 8.0,
    "pct3ResTime" : 31.779999999999887,
    "throughput" : 21.039343572480536,
    "receivedKBytesPerSec" : 3.595590942562592,
    "sentKBytesPerSec" : 4.255741439617084
  },
  "获取用户信息" : {
    "transaction" : "获取用户信息",
    "sampleCount" : 500,
    "errorCount" : 0,
    "errorPct" : 0.0,
    "meanResTime" : 4.935999999999999,
    "medianResTime" : 4.0,
    "minResTime" : 3.0,
    "maxResTime" : 33.0,
    "pct1ResTime" : 7.0,
    "pct2ResTime" : 8.0,
    "pct3ResTime" : 11.990000000000009,
    "throughput" : 50.926869016092894,
    "receivedKBytesPerSec" : 10.245053727846813,
    "sentKBytesPerSec" : 7.715122256314932
  }
}